FIPS,ST,County,HypertensionPct
00009,CT,Connecticut,34.9
00010,DE,Delaware,36.2
00013,GA,Georgia,40.2
00016,ID,Idaho,30.5
00016,ID,Idaho,32.7
00019,IA,Iowa,28.4
00023,ME,Maine,56.6
00023,ME,Maine,14
00024,MD,Maryland,37.5
00028,MS,Mississippi,57.1
00029,MO,Missouri,59.4
00030,MT,Montana,32
00035,NM,New Mexico,31.8
00039,OH,Ohio,35.6
00040,OK,Oklahoma,37.9
00072,PR,Puerto Rico,63.7
00046,SD,South Dakota,38.4
00059,US,United States,
00049,UT,Utah,22.7
00050,VT,Vermont,18.5
00051,VA,Virginia,34.6
00054,WV,West Virginia,21.4
00001,AL,Alabama,83
00001,AL,Alabama,43
00001,AL,Alabama,48.8
00001,AL,Alabama,
00001,AL,Alabama,24.3
00001,AL,Alabama,44.6
00001,AL,Alabama,41.8
00001,AL,Alabama,24.8
00001,AL,Alabama,
00001,AL,Alabama,
00001,AL,Alabama,58.1
00001,AL,Alabama,43.2
00001,AL,Alabama,
00001,AL,Alabama,17.6
00001,AL,Alabama,37.8
00001,AL,Alabama,17.7
00001,AL,Alabama,41.5
00001,AL,Alabama,34.8
00001,AL,Alabama,40.6
00001,AL,Alabama,39.3
00001,AL,Alabama,
00001,AL,Alabama,21.1
00001,AL,Alabama,
00001,AL,Alabama,94.9
00001,AL,Alabama,
00001,AL,Alabama,87.3
00001,AL,Alabama,23.3
00001,AL,Alabama,58.6
00001,AL,Alabama,48.6
00001,AL,Alabama,48.4
00001,AL,Alabama,87.9
00001,AL,Alabama,52.5
00001,AL,Alabama,
00001,AL,Alabama,
00001,AL,Alabama,
00001,AL,Alabama,54.1
00001,AL,Alabama,69.6
00001,AL,Alabama,40.9
00001,AL,Alabama,
00001,AL,Alabama,40.1
00001,AL,Alabama,
00001,AL,Alabama,42.7
00001,AL,Alabama,34.6
00001,AL,Alabama,39.8
00001,AL,Alabama,84.8
00001,AL,Alabama,
00001,AL,Alabama,39.1
00001,AL,Alabama,40.9
00001,AL,Alabama,37.2
00001,AL,Alabama,78.1
00001,AL,Alabama,83.8
00001,AL,Alabama,
00036,NY,New York,42.8
00006,CA,California,34
00005,AR,Arkansas,54.9
00006,CA,California,32.4
00011,DC,District of Columbia,49.8
00005,AR,Arkansas,38.8
00010,DE,Delaware,25.6
00005,AR,Arkansas,38.4
00006,CA,California,37.5
00005,AR,Arkansas,49.6
00009,CT,Connecticut,70
00005,AR,Arkansas,34.9
00009,CT,Connecticut,
00009,CT,Connecticut,34.2
00010,DE,Delaware,53.5
00005,AR,Arkansas,
00009,CT,Connecticut,29.7
00011,DC,District of Columbia,29.6
00004,AZ,Arizona,34.1
00006,CA,California,31.1
00011,DC,District of Columbia,20.9
00011,DC,District of Columbia,26.3
00005,AR,Arkansas,67.6
00006,CA,California,
00008,CO,Colorado,30.7
00008,CO,Colorado,33.3
00002,AK,Alaska,29.7
00004,AZ,Arizona,30.9
00008,CO,Colorado,8.9
00010,DE,Delaware,83
00006,CA,California,89
00010,DE,Delaware,53.8
00005,AR,Arkansas,
00005,AR,Arkansas,39.8
00002,AK,Alaska,40.5
00010,DE,Delaware,37.5
00011,DC,District of Columbia,29.2
00009,CT,Connecticut,83.9
00008,CO,Colorado,50.7
00009,CT,Connecticut,76.7
00009,CT,Connecticut,83.8
00004,AZ,Arizona,33.1
00011,DC,District of Columbia,38.7
00009,CT,Connecticut,41.9
00002,AK,Alaska,51
00008,CO,Colorado,20.6
00002,AK,Alaska,32.2
00009,CT,Connecticut,28.1
00005,AR,Arkansas,44.7
00004,AZ,Arizona,35.1
00008,CO,Colorado,26
00010,DE,Delaware,40.8
00005,AR,Arkansas,42
00008,CO,Colorado,30.4
00009,CT,Connecticut,47.9
00010,DE,Delaware,43.9
00009,CT,Connecticut,56.8
00011,DC,District of Columbia,29.1
00004,AZ,Arizona,34.7
00002,AK,Alaska,74.3
00009,CT,Connecticut,
00002,AK,Alaska,19.6
00004,AZ,Arizona,34.4
00010,DE,Delaware,
00009,CT,Connecticut,
00002,AK,Alaska,33.4
00006,CA,California,22.8
00004,AZ,Arizona,75
00008,CO,Colorado,
00002,AK,Alaska,32.9
00009,CT,Connecticut,22.6
00011,DC,District of Columbia,32.1
00006,CA,California,79.3
00002,AK,Alaska,32.4
00008,CO,Colorado,72.5
00005,AR,Arkansas,37.2
00008,CO,Colorado,23.9
00010,DE,Delaware,25.7
00008,CO,Colorado,20.4
00006,CA,California,33.8
00010,DE,Delaware,
00010,DE,Delaware,29.1
00006,CA,California,33.6
00005,AR,Arkansas,26.7
00008,CO,Colorado,11.5
00008,CO,Colorado,36.3
00008,CO,Colorado,31.3
00005,AR,Arkansas,85.5
00009,CT,Connecticut,29.7
00004,AZ,Arizona,28.1
00005,AR,Arkansas,48.7
00002,AK,Alaska,51.1
00005,AR,Arkansas,16
00010,DE,Delaware,32
00006,CA,California,30.2
00002,AK,Alaska,
00002,AK,Alaska,67.8
00005,AR,Arkansas,80
00004,AZ,Arizona,22.9
00005,AR,Arkansas,
00009,CT,Connecticut,
00002,AK,Alaska,39.5
00004,AZ,Arizona,39.4
00008,CO,Colorado,23.4
00005,AR,Arkansas,
00008,CO,Colorado,56
00005,AR,Arkansas,34.7
00006,CA,California,73
00002,AK,Alaska,23
00008,CO,Colorado,30.9
00009,CT,Connecticut,32.6
00010,DE,Delaware,33.8
00008,CO,Colorado,88.2
00008,CO,Colorado,
00011,DC,District of Columbia,13.1
00008,CO,Colorado,19.9
00005,AR,Arkansas,85.5
00011,DC,District of Columbia,29.4
00005,AR,Arkansas,36.9
00010,DE,Delaware,
00011,DC,District of Columbia,27.9
00011,DC,District of Columbia,
00004,AZ,Arizona,35.4
00011,DC,District of Columbia,62.1
00004,AZ,Arizona,28.3
00006,CA,California,38.4
00009,CT,Connecticut,27.9
00002,AK,Alaska,73.9
00002,AK,Alaska,27
00011,DC,District of Columbia,62.2
00009,CT,Connecticut,34.6
00004,AZ,Arizona,27.9
00008,CO,Colorado,16.9
00005,AR,Arkansas,40.8
00004,AZ,Arizona,51.4
00009,CT,Connecticut,31.6
00002,AK,Alaska,33.1
00009,CT,Connecticut,80.1
00010,DE,Delaware,
00011,DC,District of Columbia,25.4
00004,AZ,Arizona,
00008,CO,Colorado,
00010,DE,Delaware,40.8
00002,AK,Alaska,30.2
00002,AK,Alaska,
00009,CT,Connecticut,48.4
00002,AK,Alaska,
00011,DC,District of Columbia,79.7
00002,AK,Alaska,14.7
00009,CT,Connecticut,32.8
00002,AK,Alaska,40.2
00006,CA,California,32.5
00010,DE,Delaware,39.5
00004,AZ,Arizona,13.6
00006,CA,California,30.1
00006,CA,California,34.3
00006,CA,California,65.3
00005,AR,Arkansas,34.6
00005,AR,Arkansas,40.7
00009,CT,Connecticut,33.4
00010,DE,Delaware,27.8
00011,DC,District of Columbia,30.4
00008,CO,Colorado,
00008,CO,Colorado,36.6
00005,AR,Arkansas,39.5
00011,DC,District of Columbia,
00008,CO,Colorado,23
00009,CT,Connecticut,
00010,DE,Delaware,34.9
00006,CA,California,
00011,DC,District of Columbia,29.8
00006,CA,California,40.1
00010,DE,Delaware,37.7
00009,CT,Connecticut,32.6
00004,AZ,Arizona,
00006,CA,California,40.3
00008,CO,Colorado,17
00004,AZ,Arizona,35.2
00010,DE,Delaware,37.7
00009,CT,Connecticut,36.6
00010,DE,Delaware,62.4
00008,CO,Colorado,33.1
00005,AR,Arkansas,
00010,DE,Delaware,
00006,CA,California,
00008,CO,Colorado,52.1
00010,DE,Delaware,79.1
00009,CT,Connecticut,81.6
00010,DE,Delaware,40.5
00010,DE,Delaware,75.9
00011,DC,District of Columbia,41.2
00004,AZ,Arizona,38.8
00004,AZ,Arizona,78.4
00005,AR,Arkansas,
00011,DC,District of Columbia,25.4
00009,CT,Connecticut,33.4
00004,AZ,Arizona,19.6
00011,DC,District of Columbia,
00006,CA,California,33.5
00006,CA,California,
00004,AZ,Arizona,70.1
00004,AZ,Arizona,26.8
00002,AK,Alaska,30.5
00008,CO,Colorado,26.8
00011,DC,District of Columbia,18.3
00005,AR,Arkansas,
00004,AZ,Arizona,56.8
00009,CT,Connecticut,13.3
00002,AK,Alaska,31.7
00005,AR,Arkansas,79.8
00002,AK,Alaska,39.7
00009,CT,Connecticut,18
00004,AZ,Arizona,34.3
00010,DE,Delaware,81.7
00008,CO,Colorado,31.6
00006,CA,California,63
00002,AK,Alaska,
00002,AK,Alaska,
00006,CA,California,28.7
00010,DE,Delaware,92.8
00004,AZ,Arizona,33.9
00009,CT,Connecticut,33.1
00008,CO,Colorado,66.3
00008,CO,Colorado,27.6
00009,CT,Connecticut,
00006,CA,California,27.9
00009,CT,Connecticut,39.7
00011,DC,District of Columbia,
00011,DC,District of Columbia,
00004,AZ,Arizona,
00002,AK,Alaska,40
00010,DE,Delaware,39.6
00011,DC,District of Columbia,70.8
00005,AR,Arkansas,
00010,DE,Delaware,42.7
00006,CA,California,
00004,AZ,Arizona,53.3
00004,AZ,Arizona,51.8
00006,CA,California,76.6
00009,CT,Connecticut,83.7
00006,CA,California,27.1
00008,CO,Colorado,74.8
00011,DC,District of Columbia,29.3
00004,AZ,Arizona,36.3
00006,CA,California,78.2
00008,CO,Colorado,33.3
00002,AK,Alaska,32.4
00010,DE,Delaware,
00002,AK,Alaska,27.3
00006,CA,California,33.7
00005,AR,Arkansas,53.9
00002,AK,Alaska,30.4
00006,CA,California,19.3
00004,AZ,Arizona,19.5
00008,CO,Colorado,28.3
00004,AZ,Arizona,22.9
00004,AZ,Arizona,78.6
00009,CT,Connecticut,20.2
00010,DE,Delaware,
00004,AZ,Arizona,78
00006,CA,California,33.9
00010,DE,Delaware,31.8
00006,CA,California,38.9
00002,AK,Alaska,31.3
00008,CO,Colorado,70.9
00006,CA,California,30.9
00002,AK,Alaska,40.2
00008,CO,Colorado,
00010,DE,Delaware,38.1
00006,CA,California,18.2
00010,DE,Delaware,33.6
00011,DC,District of Columbia,30.6
00005,AR,Arkansas,
00002,AK,Alaska,55.2
00011,DC,District of Columbia,38.8
00005,AR,Arkansas,43.1
00004,AZ,Arizona,34.8
00005,AR,Arkansas,37.4
00011,DC,District of Columbia,
00011,DC,District of Columbia,
00002,AK,Alaska,65.6
00005,AR,Arkansas,38.4
00005,AR,Arkansas,
00006,CA,California,80.7
00002,AK,Alaska,29.9
00006,CA,California,32.4
00008,CO,Colorado,64
00011,DC,District of Columbia,49.6
00011,DC,District of Columbia,78.7
00008,CO,Colorado,28.7
00006,CA,California,12.4
00008,CO,Colorado,28.3
00010,DE,Delaware,35.9
00011,DC,District of Columbia,13
00010,DE,Delaware,16.8
00008,CO,Colorado,32.2
00004,AZ,Arizona,32.7
00009,CT,Connecticut,
00009,CT,Connecticut,36.9
00005,AR,Arkansas,41.2
00008,CO,Colorado,50.1
00005,AR,Arkansas,74.8
00009,CT,Connecticut,37.1
00010,DE,Delaware,
00011,DC,District of Columbia,31.7
00009,CT,Connecticut,
00002,AK,Alaska,25.7
00006,CA,California,18.2
00010,DE,Delaware,43.5
00009,CT,Connecticut,37
00004,AZ,Arizona,
00006,CA,California,35.7
00005,AR,Arkansas,
00004,AZ,Arizona,35
00002,AK,Alaska,50.6
00006,CA,California,81.5
00008,CO,Colorado,
00005,AR,Arkansas,50.4
00006,CA,California,
00009,CT,Connecticut,33.7
00010,DE,Delaware,15.8
00002,AK,Alaska,32.6
00008,CO,Colorado,27.1
00009,CT,Connecticut,
00011,DC,District of Columbia,
00008,CO,Colorado,30.6
00009,CT,Connecticut,43.6
00002,AK,Alaska,32
00010,DE,Delaware,
00004,AZ,Arizona,30
00006,CA,California,35.7
00010,DE,Delaware,35.7
00010,DE,Delaware,18.9
00006,CA,California,54
00009,CT,Connecticut,29.1
00011,DC,District of Columbia,27.5
00005,AR,Arkansas,17.2
00010,DE,Delaware,82
00002,AK,Alaska,30.5
00011,DC,District of Columbia,30.3
00004,AZ,Arizona,24.7
00004,AZ,Arizona,
00009,CT,Connecticut,39.9
00005,AR,Arkansas,26.7
00011,DC,District of Columbia,79.4
00006,CA,California,47.3
00004,AZ,Arizona,39.1
00004,AZ,Arizona,14.1
00008,CO,Colorado,20.5
00004,AZ,Arizona,90.6
00009,CT,Connecticut,
00011,DC,District of Columbia,40.9
00004,AZ,Arizona,38.5
00011,DC,District of Columbia,27.1
00005,AR,Arkansas,
00011,DC,District of Columbia,93.1
00002,AK,Alaska,63.3
00005,AR,Arkansas,34.9
00011,DC,District of Columbia,32
00004,AZ,Arizona,71.9
00002,AK,Alaska,33.1
00005,AR,Arkansas,88
00008,CO,Colorado,76.5
00006,CA,California,37.2
00011,DC,District of Columbia,
00004,AZ,Arizona,38.5
00005,AR,Arkansas,60.4
00002,AK,Alaska,70.1
00008,CO,Colorado,32.6
00002,AK,Alaska,87.7
00011,DC,District of Columbia,
00011,DC,District of Columbia,19.6
00002,AK,Alaska,31.8
00008,CO,Colorado,23.9
00002,AK,Alaska,14.6
00011,DC,District of Columbia,19.5
00005,AR,Arkansas,92.2
00005,AR,Arkansas,17.1
00008,CO,Colorado,73.7
00008,CO,Colorado,36.1
00005,AR,Arkansas,45
00009,CT,Connecticut,37.2
00004,AZ,Arizona,77.6
00010,DE,Delaware,
00004,AZ,Arizona,66.7
00002,AK,Alaska,
00006,CA,California,
00011,DC,District of Columbia,
00009,CT,Connecticut,25.9
00010,DE,Delaware,19
00002,AK,Alaska,15.1
00002,AK,Alaska,63
00004,AZ,Arizona,28.1
00011,DC,District of Columbia,30.5
00002,AK,Alaska,31.5
00006,CA,California,54.7
00005,AR,Arkansas,37.3
00010,DE,Delaware,40.4
00008,CO,Colorado,32.1
00009,CT,Connecticut,20.1
00002,AK,Alaska,23
00011,DC,District of Columbia,21.7
00005,AR,Arkansas,19.8
00011,DC,District of Columbia,31.8
00010,DE,Delaware,76.5
00006,CA,California,58.3
00010,DE,Delaware,37.7
00010,DE,Delaware,38.1
00006,CA,California,
00006,CA,California,73.3
00004,AZ,Arizona,30.2
00009,CT,Connecticut,92.3
00004,AZ,Arizona,28.1
00011,DC,District of Columbia,60.8
00010,DE,Delaware,62.3
00016,ID,Idaho,33.3
00018,IN,Indiana,94
00020,KS,Kansas,35
00015,HI,Hawaii,17.6
00017,IL,Illinois,32.2
00017,IL,Illinois,84.2
00020,KS,Kansas,46.3
00016,ID,Idaho,
00020,KS,Kansas,35
00018,IN,Indiana,30.6
00012,FL,Florida,
00020,KS,Kansas,55.7
00020,KS,Kansas,83.9
00016,ID,Idaho,
00066,GU,Guam,17.4
00020,KS,Kansas,40
00018,IN,Indiana,15
00016,ID,Idaho,38.7
00017,IL,Illinois,92.7
00013,GA,Georgia,21.7
00019,IA,Iowa,21.5
00018,IN,Indiana,31.7
00066,GU,Guam,73.3
00019,IA,Iowa,31.4
00066,GU,Guam,35.3
00015,HI,Hawaii,
00015,HI,Hawaii,32.3
00018,IN,Indiana,35.9
00015,HI,Hawaii,51.7
00015,HI,Hawaii,29.2
00066,GU,Guam,36.4
00019,IA,Iowa,38.9
00018,IN,Indiana,
00019,IA,Iowa,
00016,ID,Idaho,
00015,HI,Hawaii,64.4
00020,KS,Kansas,38.8
00066,GU,Guam,32.9
00013,GA,Georgia,
00015,HI,Hawaii,
00018,IN,Indiana,
00066,GU,Guam,50
00018,IN,Indiana,84.4
00012,FL,Florida,
00066,GU,Guam,
00013,GA,Georgia,46.6
00015,HI,Hawaii,34.3
00013,GA,Georgia,
00017,IL,Illinois,37.8
00013,GA,Georgia,37.8
00012,FL,Florida,
00018,IN,Indiana,35.6
00019,IA,Iowa,15.6
00017,IL,Illinois,34.5
00018,IN,Indiana,54.8
00017,IL,Illinois,23.5
00017,IL,Illinois,31.3
00066,GU,Guam,35
00013,GA,Georgia,36.6
00066,GU,Guam,32.8
00018,IN,Indiana,21.9
00012,FL,Florida,
00016,ID,Idaho,
00066,GU,Guam,18.6
00020,KS,Kansas,15.4
00016,ID,Idaho,
00066,GU,Guam,69.8
00015,HI,Hawaii,80.7
00017,IL,Illinois,15.2
00016,ID,Idaho,54.4
00066,GU,Guam,75.3
00019,IA,Iowa,32.5
00019,IA,Iowa,
00015,HI,Hawaii,32.6
00066,GU,Guam,
00013,GA,Georgia,
00015,HI,Hawaii,25.7
00012,FL,Florida,
00017,IL,Illinois,
00012,FL,Florida,
00016,ID,Idaho,49
00019,IA,Iowa,
00018,IN,Indiana,25
00018,IN,Indiana,41.1
00018,IN,Indiana,84.7
00013,GA,Georgia,48
00018,IN,Indiana,37.5
00015,HI,Hawaii,77.2
00066,GU,Guam,25.8
00018,IN,Indiana,
00019,IA,Iowa,
00013,GA,Georgia,38.9
00013,GA,Georgia,42.2
00012,FL,Florida,
00017,IL,Illinois,23.5
00016,ID,Idaho,28.2
00013,GA,Georgia,36.6
00066,GU,Guam,73.8
00018,IN,Indiana,52
00018,IN,Indiana,22
00020,KS,Kansas,55.1
00066,GU,Guam,23.9
00020,KS,Kansas,26.9
00012,FL,Florida,
00016,ID,Idaho,29.3
00019,IA,Iowa,56.2
00017,IL,Illinois,80.8
00012,FL,Florida,
00018,IN,Indiana,37.2
00019,IA,Iowa,28.5
00019,IA,Iowa,37.4
00012,FL,Florida,
00017,IL,Illinois,15.1
00016,ID,Idaho,35.2
00012,FL,Florida,
00015,HI,Hawaii,34.7
00017,IL,Illinois,31.3
00013,GA,Georgia,81.9
00017,IL,Illinois,
00013,GA,Georgia,
00019,IA,Iowa,83.3
00018,IN,Indiana,
00015,HI,Hawaii,41.1
00016,ID,Idaho,
00012,FL,Florida,
00020,KS,Kansas,
00016,ID,Idaho,89.4
00017,IL,Illinois,46.6
00018,IN,Indiana,42.9
00012,FL,Florida,
00013,GA,Georgia,86
00018,IN,Indiana,35.3
00019,IA,Iowa,33.7
00020,KS,Kansas,37.4
00018,IN,Indiana,52.8
00016,ID,Idaho,67.8
00016,ID,Idaho,34
00015,HI,Hawaii,87.3
00019,IA,Iowa,83.2
00012,FL,Florida,
00012,FL,Florida,
00013,GA,Georgia,29.7
00012,FL,Florida,
00017,IL,Illinois,32.5
00015,HI,Hawaii,50.2
00066,GU,Guam,
00017,IL,Illinois,
00016,ID,Idaho,33
00012,FL,Florida,
00012,FL,Florida,
00012,FL,Florida,
00016,ID,Idaho,
00066,GU,Guam,23.4
00066,GU,Guam,
00012,FL,Florida,
00020,KS,Kansas,75.9
00017,IL,Illinois,7.2
00013,GA,Georgia,48
00013,GA,Georgia,21.5
00066,GU,Guam,32.4
00016,ID,Idaho,38.3
00013,GA,Georgia,77.8
00016,ID,Idaho,74.3
00015,HI,Hawaii,23.2
00018,IN,Indiana,81.8
00019,IA,Iowa,
00013,GA,Georgia,92.8
00020,KS,Kansas,33.2
00016,ID,Idaho,
00016,ID,Idaho,74.8
00016,ID,Idaho,31.6
00020,KS,Kansas,37.4
00066,GU,Guam,33.5
00019,IA,Iowa,28.8
00020,KS,Kansas,40.1
00066,GU,Guam,18.8
00012,FL,Florida,
00066,GU,Guam,24
00016,ID,Idaho,
00066,GU,Guam,90.1
00019,IA,Iowa,35.4
00019,IA,Iowa,15.7
00066,GU,Guam,
00012,FL,Florida,
00013,GA,Georgia,36.3
00013,GA,Georgia,42.5
00012,FL,Florida,
00017,IL,Illinois,
00016,ID,Idaho,
00015,HI,Hawaii,27.2
00015,HI,Hawaii,29.8
00018,IN,Indiana,64.1
00020,KS,Kansas,73.8
00013,GA,Georgia,84.8
00013,GA,Georgia,16.5
00019,IA,Iowa,36.1
00017,IL,Illinois,32.3
00020,KS,Kansas,43.2
00066,GU,Guam,49.7
00019,IA,Iowa,14.2
00018,IN,Indiana,34
00013,GA,Georgia,
00019,IA,Iowa,38.4
00015,HI,Hawaii,
00017,IL,Illinois,
00019,IA,Iowa,55
00017,IL,Illinois,12.6
00066,GU,Guam,23.8
00017,IL,Illinois,
00019,IA,Iowa,71.3
00013,GA,Georgia,30.5
00012,FL,Florida,
00012,FL,Florida,
00020,KS,Kansas,37.6
00013,GA,Georgia,39.3
00017,IL,Illinois,52.3
00016,ID,Idaho,
00020,KS,Kansas,79.6
00020,KS,Kansas,20.1
00015,HI,Hawaii,75.4
00013,GA,Georgia,
00020,KS,Kansas,33.1
00018,IN,Indiana,34.1
00017,IL,Illinois,
00019,IA,Iowa,
00066,GU,Guam,
00016,ID,Idaho,31.7
00015,HI,Hawaii,37
00013,GA,Georgia,55.1
00018,IN,Indiana,17.5
00066,GU,Guam,46.7
00017,IL,Illinois,31.7
00012,FL,Florida,
00015,HI,Hawaii,34
00015,HI,Hawaii,34.9
00017,IL,Illinois,32.7
00020,KS,Kansas,83.3
00020,KS,Kansas,40.4
00019,IA,Iowa,35
00015,HI,Hawaii,36.8
00012,FL,Florida,
00066,GU,Guam,74.3
00018,IN,Indiana,78.3
00015,HI,Hawaii,32.4
00012,FL,Florida,
00019,IA,Iowa,80.3
00015,HI,Hawaii,27.2
00018,IN,Indiana,
00020,KS,Kansas,
00017,IL,Illinois,37
00013,GA,Georgia,52.8
00015,HI,Hawaii,28.6
00020,KS,Kansas,
00020,KS,Kansas,15.3
00017,IL,Illinois,83.7
00016,ID,Idaho,31.3
00013,GA,Georgia,81.4
00018,IN,Indiana,14
00019,IA,Iowa,40.1
00013,GA,Georgia,40.6
00016,ID,Idaho,20.4
00016,ID,Idaho,72.8
00020,KS,Kansas,66.4
00066,GU,Guam,46.3
00019,IA,Iowa,35.4
00016,ID,Idaho,37.2
00019,IA,Iowa,35.4
00017,IL,Illinois,84.6
00012,FL,Florida,
00019,IA,Iowa,21.6
00012,FL,Florida,
00017,IL,Illinois,24.4
00013,GA,Georgia,29.5
00020,KS,Kansas,44.7
00018,IN,Indiana,31.7
00015,HI,Hawaii,79.5
00017,IL,Illinois,
00066,GU,Guam,58.1
00018,IN,Indiana,85.7
00013,GA,Georgia,34.5
00017,IL,Illinois,32.9
00018,IN,Indiana,15.6
00017,IL,Illinois,52.6
00012,FL,Florida,
00019,IA,Iowa,15.8
00018,IN,Indiana,
00017,IL,Illinois,
00016,ID,Idaho,
00020,KS,Kansas,37
00013,GA,Georgia,36.3
00019,IA,Iowa,29.1
00066,GU,Guam,
00020,KS,Kansas,
00066,GU,Guam,24
00020,KS,Kansas,37.3
00013,GA,Georgia,32
00015,HI,Hawaii,17.5
00016,ID,Idaho,39.3
00015,HI,Hawaii,93.9
00015,HI,Hawaii,37.3
00015,HI,Hawaii,74
00015,HI,Hawaii,
00017,IL,Illinois,84.1
00017,IL,Illinois,34.8
00015,HI,Hawaii,41.4
00018,IN,Indiana,42.6
00019,IA,Iowa,
00012,FL,Florida,
00020,KS,Kansas,35.5
00017,IL,Illinois,
00018,IN,Indiana,81.2
00018,IN,Indiana,37.6
00012,FL,Florida,
00020,KS,Kansas,44.5
00016,ID,Idaho,38.1
00017,IL,Illinois,34.7
00020,KS,Kansas,40.2
00017,IL,Illinois,31.7
00013,GA,Georgia,68.1
00019,IA,Iowa,92.6
00012,FL,Florida,
00013,GA,Georgia,56.6
00019,IA,Iowa,37.3
00015,HI,Hawaii,32.8
00066,GU,Guam,26.3
00017,IL,Illinois,59.7
00018,IN,Indiana,32
00017,IL,Illinois,27.6
00066,GU,Guam,79.7
00012,FL,Florida,
00019,IA,Iowa,27.5
00015,HI,Hawaii,70.5
00017,IL,Illinois,63.8
00016,ID,Idaho,13.7
00066,GU,Guam,21
00016,ID,Idaho,36.8
00016,ID,Idaho,
00017,IL,Illinois,77.7
00020,KS,Kansas,34.3
00016,ID,Idaho,34.8
00066,GU,Guam,32.9
00013,GA,Georgia,20.6
00066,GU,Guam,77.6
00012,FL,Florida,
00020,KS,Kansas,61.2
00066,GU,Guam,
00020,KS,Kansas,93.3
00066,GU,Guam,45.1
00013,GA,Georgia,36.4
00017,IL,Illinois,30
00018,IN,Indiana,24.5
00019,IA,Iowa,78.4
00015,HI,Hawaii,
00016,ID,Idaho,29.3
00013,GA,Georgia,32.2
00019,IA,Iowa,18.9
00019,IA,Iowa,
00066,GU,Guam,34.8
00018,IN,Indiana,46.2
00016,ID,Idaho,16
00015,HI,Hawaii,24.3
00013,GA,Georgia,61.2
00019,IA,Iowa,35.7
00066,GU,Guam,32.8
00015,HI,Hawaii,32.2
00013,GA,Georgia,70.5
00066,GU,Guam,
00012,FL,Florida,
00066,GU,Guam,31.7
00013,GA,Georgia,
00016,ID,Idaho,43.4
00020,KS,Kansas,34.1
00015,HI,Hawaii,27.6
00066,GU,Guam,10.6
00020,KS,Kansas,70.9
00017,IL,Illinois,
00013,GA,Georgia,
00016,ID,Idaho,78.6
00017,IL,Illinois,
00012,FL,Florida,
00066,GU,Guam,33.2
00012,FL,Florida,
00012,FL,Florida,
00017,IL,Illinois,27.7
00019,IA,Iowa,61.1
00015,HI,Hawaii,40
00066,GU,Guam,81.1
00012,FL,Florida,
00018,IN,Indiana,33.6
00012,FL,Florida,
00016,ID,Idaho,25.3
00020,KS,Kansas,20.2
00015,HI,Hawaii,
00020,KS,Kansas,81.6
00015,HI,Hawaii,12
00020,KS,Kansas,
00015,HI,Hawaii,84.2
00019,IA,Iowa,34.7
00018,IN,Indiana,17
00020,KS,Kansas,40.5
00012,FL,Florida,
00018,IN,Indiana,40.6
00019,IA,Iowa,28.3
00013,GA,Georgia,36.6
00020,KS,Kansas,29.1
00017,IL,Illinois,
00015,HI,Hawaii,49.6
00013,GA,Georgia,36.7
00012,FL,Florida,
00012,FL,Florida,
00017,IL,Illinois,37
00012,FL,Florida,
00016,ID,Idaho,27
00013,GA,Georgia,39.3
00018,IN,Indiana,30.2
00019,IA,Iowa,27.8
00015,HI,Hawaii,
00066,GU,Guam,33.4
00013,GA,Georgia,56
00018,IN,Indiana,37.2
00012,FL,Florida,
00015,HI,Hawaii,41.5
00015,HI,Hawaii,39.8
00018,IN,Indiana,23.5
00020,KS,Kansas,29.1
00020,KS,Kansas,26.5
00019,IA,Iowa,24.5
00018,IN,Indiana,62.9
00020,KS,Kansas,38.8
00012,FL,Florida,
00017,IL,Illinois,31.7
00019,IA,Iowa,36.5
00020,KS,Kansas,31.3
00016,ID,Idaho,34.4
00066,GU,Guam,44.3
00018,IN,Indiana,37.9
00015,HI,Hawaii,25.6
00015,HI,Hawaii,34.9
00016,ID,Idaho,16.1
00019,IA,Iowa,
00019,IA,Iowa,74.1
00016,ID,Idaho,48.5
00012,FL,Florida,
00012,FL,Florida,
00018,IN,Indiana,17
00017,IL,Illinois,27.2
00066,GU,Guam,26.7
00066,GU,Guam,37
00013,GA,Georgia,40.5
00013,GA,Georgia,85.2
00012,FL,Florida,
00013,GA,Georgia,20.5
00020,KS,Kansas,34.3
00019,IA,Iowa,35.1
00019,IA,Iowa,54.4
00020,KS,Kansas,38.5
00018,IN,Indiana,17.7
00015,HI,Hawaii,27.4
00016,ID,Idaho,56.2
00018,IN,Indiana,34.5
00020,KS,Kansas,81
00016,ID,Idaho,25.4
00012,FL,Florida,
00016,ID,Idaho,
00024,MD,Maryland,33.5
00024,MD,Maryland,79.2
00025,MA,Massachusetts,78.8
00022,LA,Louisiana,81.5
00026,MI,Michigan,
00025,MA,Massachusetts,17.4
00023,ME,Maine,38.7
00021,KY,Kentucky,
00022,LA,Louisiana,84.8
00025,MA,Massachusetts,55.1
00022,LA,Louisiana,41.5
00024,MD,Maryland,20.5
00021,KY,Kentucky,37
00027,MN,Minnesota,24.1
00029,MO,Missouri,38
00024,MD,Maryland,25.9
00023,ME,Maine,
00027,MN,Minnesota,33
00029,MO,Missouri,25.4
00023,ME,Maine,52.1
00028,MS,Mississippi,
00021,KY,Kentucky,32.5
00029,MO,Missouri,80.7
00029,MO,Missouri,
00027,MN,Minnesota,35.2
00024,MD,Maryland,33.2
00027,MN,Minnesota,81.1
00023,ME,Maine,
00029,MO,Missouri,18.2
00027,MN,Minnesota,14.3
00025,MA,Massachusetts,68.4
00025,MA,Massachusetts,32.5
00022,LA,Louisiana,20.4
00023,ME,Maine,34.1
00025,MA,Massachusetts,
00026,MI,Michigan,35.3
00029,MO,Missouri,44.8
00028,MS,Mississippi,49
00026,MI,Michigan,79.6
00029,MO,Missouri,59.5
00026,MI,Michigan,36.8
00023,ME,Maine,35.1
00029,MO,Missouri,14.7
00024,MD,Maryland,39.5
00021,KY,Kentucky,
00027,MN,Minnesota,32.5
00028,MS,Mississippi,46.8
00023,ME,Maine,72.8
00021,KY,Kentucky,37.8
00022,LA,Louisiana,32.9
00022,LA,Louisiana,38.6
00025,MA,Massachusetts,37.7
00027,MN,Minnesota,27.3
00023,ME,Maine,18.1
00027,MN,Minnesota,
00022,LA,Louisiana,
00024,MD,Maryland,34.5
00029,MO,Missouri,52.6
00023,ME,Maine,
00022,LA,Louisiana,
00025,MA,Massachusetts,68.9
00024,MD,Maryland,56.8
00025,MA,Massachusetts,54.4
00027,MN,Minnesota,12.2
00022,LA,Louisiana,
00027,MN,Minnesota,60.9
00024,MD,Maryland,20.6
00022,LA,Louisiana,40.2
00026,MI,Michigan,42.9
00023,ME,Maine,
00025,MA,Massachusetts,73.4
00028,MS,Mississippi,54.8
00026,MI,Michigan,
00028,MS,Mississippi,57.5
00029,MO,Missouri,
00027,MN,Minnesota,81.3
00021,KY,Kentucky,19.5
00026,MI,Michigan,38.2
00023,ME,Maine,78.9
00027,MN,Minnesota,29.5
00022,LA,Louisiana,38.5
00024,MD,Maryland,37.1
00024,MD,Maryland,83.1
00025,MA,Massachusetts,38.1
00026,MI,Michigan,20.1
00021,KY,Kentucky,19.6
00022,LA,Louisiana,37.7
00026,MI,Michigan,35.6
00021,KY,Kentucky,48
00026,MI,Michigan,10.6
00029,MO,Missouri,93.1
00023,ME,Maine,38.2
00024,MD,Maryland,93.7
00022,LA,Louisiana,32.5
00025,MA,Massachusetts,77.2
00023,ME,Maine,36.2
00023,ME,Maine,75.7
00022,LA,Louisiana,22.3
00026,MI,Michigan,75.4
00021,KY,Kentucky,49
00022,LA,Louisiana,
00024,MD,Maryland,41.6
00025,MA,Massachusetts,35.3
00022,LA,Louisiana,54.9
00025,MA,Massachusetts,29.9
00028,MS,Mississippi,42.7
00025,MA,Massachusetts,79.4
00027,MN,Minnesota,23.6
00027,MN,Minnesota,27.1
00021,KY,Kentucky,32.5
00023,ME,Maine,
00022,LA,Louisiana,36.4
00026,MI,Michigan,41.8
00027,MN,Minnesota,38.5
00025,MA,Massachusetts,
00025,MA,Massachusetts,28.7
00021,KY,Kentucky,
00029,MO,Missouri,75.6
00029,MO,Missouri,
00023,ME,Maine,42.5
00028,MS,Mississippi,
00027,MN,Minnesota,28.3
00021,KY,Kentucky,37.7
00023,ME,Maine,
00024,MD,Maryland,
00029,MO,Missouri,
00022,LA,Louisiana,44
00029,MO,Missouri,33.9
00026,MI,Michigan,38.5
00026,MI,Michigan,20.2
00021,KY,Kentucky,36.9
00021,KY,Kentucky,50.8
00029,MO,Missouri,30.9
00028,MS,Mississippi,18
00021,KY,Kentucky,33.9
00026,MI,Michigan,
00029,MO,Missouri,53
00024,MD,Maryland,42
00028,MS,Mississippi,87.6
00024,MD,Maryland,79.6
00025,MA,Massachusetts,
00023,ME,Maine,37.9
00028,MS,Mississippi,
00029,MO,Missouri,25.3
00027,MN,Minnesota,23.5
00022,LA,Louisiana,40.7
00029,MO,Missouri,27.4
00025,MA,Massachusetts,35.5
00021,KY,Kentucky,37.8
00021,KY,Kentucky,
00028,MS,Mississippi,
00022,LA,Louisiana,81.2
00023,ME,Maine,13.9
00028,MS,Mississippi,37.4
00022,LA,Louisiana,
00029,MO,Missouri,34
00024,MD,Maryland,44.8
00021,KY,Kentucky,45.4
00025,MA,Massachusetts,21.9
00026,MI,Michigan,38.2
00026,MI,Michigan,54.5
00024,MD,Maryland,39.3
00022,LA,Louisiana,
00024,MD,Maryland,63.2
00022,LA,Louisiana,
00025,MA,Massachusetts,18.2
00027,MN,Minnesota,50.7
00029,MO,Missouri,15.5
00027,MN,Minnesota,77.5
00023,ME,Maine,33.7
00022,LA,Louisiana,
00027,MN,Minnesota,49.3
00023,ME,Maine,
00021,KY,Kentucky,83.6
00024,MD,Maryland,20.4
00027,MN,Minnesota,35.4
00024,MD,Maryland,33.7
00028,MS,Mississippi,
00024,MD,Maryland,57.4
00025,MA,Massachusetts,31.5
00029,MO,Missouri,35
00026,MI,Michigan,18.8
00025,MA,Massachusetts,
00024,MD,Maryland,42.1
00028,MS,Mississippi,39
00023,ME,Maine,
00029,MO,Missouri,79.8
00028,MS,Mississippi,37.6
00024,MD,Maryland,37.3
00027,MN,Minnesota,40.6
00022,LA,Louisiana,49.8
00027,MN,Minnesota,24.6
00022,LA,Louisiana,
00026,MI,Michigan,
00028,MS,Mississippi,17.7
00023,ME,Maine,80.6
00024,MD,Maryland,41.6
00022,LA,Louisiana,25
00021,KY,Kentucky,95.3
00028,MS,Mississippi,
00029,MO,Missouri,27.9
00024,MD,Maryland,
00028,MS,Mississippi,
00026,MI,Michigan,35.3
00028,MS,Mississippi,43.9
00029,MO,Missouri,44.6
00023,ME,Maine,
00028,MS,Mississippi,
00024,MD,Maryland,37.7
00028,MS,Mississippi,
00021,KY,Kentucky,37
00026,MI,Michigan,53.8
00024,MD,Maryland,37.4
00026,MI,Michigan,20.2
00021,KY,Kentucky,37.5
00029,MO,Missouri,35.9
00029,MO,Missouri,38.1
00021,KY,Kentucky,37.1
00024,MD,Maryland,
00028,MS,Mississippi,45.2
00022,LA,Louisiana,77.7
00028,MS,Mississippi,83.8
00023,ME,Maine,48.9
00028,MS,Mississippi,
00027,MN,Minnesota,29.3
00029,MO,Missouri,18.8
00023,ME,Maine,81.3
00021,KY,Kentucky,37.2
00021,KY,Kentucky,
00024,MD,Maryland,74.8
00026,MI,Michigan,38
00027,MN,Minnesota,75.2
00021,KY,Kentucky,80.1
00029,MO,Missouri,83.6
00026,MI,Michigan,84.2
00027,MN,Minnesota,24.9
00025,MA,Massachusetts,90.8
00026,MI,Michigan,44.7
00025,MA,Massachusetts,
00022,LA,Louisiana,39
00026,MI,Michigan,22.8
00024,MD,Maryland,83.6
00026,MI,Michigan,45.2
00024,MD,Maryland,40.4
00023,ME,Maine,
00028,MS,Mississippi,36.7
00026,MI,Michigan,83
00027,MN,Minnesota,24.9
00024,MD,Maryland,39.5
00026,MI,Michigan,59.9
00024,MD,Maryland,33
00022,LA,Louisiana,35.2
00021,KY,Kentucky,
00021,KY,Kentucky,33.9
00028,MS,Mississippi,
00024,MD,Maryland,81.5
00022,LA,Louisiana,46.4
00023,ME,Maine,35.3
00023,ME,Maine,69.4
00026,MI,Michigan,61.7
00021,KY,Kentucky,
00028,MS,Mississippi,
00029,MO,Missouri,36.1
00023,ME,Maine,38.4
00029,MO,Missouri,70.7
00021,KY,Kentucky,
00028,MS,Mississippi,55.3
00023,ME,Maine,78.3
00027,MN,Minnesota,92.7
00028,MS,Mississippi,
00025,MA,Massachusetts,33.1
00022,LA,Louisiana,53.9
00026,MI,Michigan,37.9
00022,LA,Louisiana,36.6
00025,MA,Massachusetts,11.1
00028,MS,Mississippi,
00025,MA,Massachusetts,
00023,ME,Maine,37.6
00023,ME,Maine,
00028,MS,Mississippi,86.8
00028,MS,Mississippi,38.5
00025,MA,Massachusetts,40.6
00026,MI,Michigan,34.8
00026,MI,Michigan,38.1
00028,MS,Mississippi,
00025,MA,Massachusetts,30.2
00022,LA,Louisiana,94.1
00023,ME,Maine,49.1
00022,LA,Louisiana,78.2
00025,MA,Massachusetts,80.2
00024,MD,Maryland,81.3
00021,KY,Kentucky,38.1
00026,MI,Michigan,82.2
00021,KY,Kentucky,50.7
00027,MN,Minnesota,17.4
00025,MA,Massachusetts,32.5
00021,KY,Kentucky,
00021,KY,Kentucky,
00023,ME,Maine,26.2
00027,MN,Minnesota,17.9
00026,MI,Michigan,33.9
00029,MO,Missouri,84.1
00024,MD,Maryland,33.3
00021,KY,Kentucky,81.8
00025,MA,Massachusetts,37.4
00023,ME,Maine,37.9
00027,MN,Minnesota,31.4
00023,ME,Maine,40.5
00022,LA,Louisiana,
00027,MN,Minnesota,
00026,MI,Michigan,18.9
00025,MA,Massachusetts,27.5
00025,MA,Massachusetts,
00028,MS,Mississippi,39.7
00022,LA,Louisiana,44.2
00022,LA,Louisiana,20.2
00027,MN,Minnesota,31
00021,KY,Kentucky,
00026,MI,Michigan,53.2
00028,MS,Mississippi,
00028,MS,Mississippi,73.3
00029,MO,Missouri,42
00028,MS,Mississippi,46.6
00024,MD,Maryland,40.6
00021,KY,Kentucky,37.9
00024,MD,Maryland,37.6
00026,MI,Michigan,32.9
00024,MD,Maryland,35.3
00026,MI,Michigan,35.1
00026,MI,Michigan,32.6
00027,MN,Minnesota,79.7
00023,ME,Maine,30.3
00027,MN,Minnesota,31.1
00022,LA,Louisiana,32.3
00027,MN,Minnesota,24.5
00022,LA,Louisiana,37.4
00023,ME,Maine,52.6
00022,LA,Louisiana,83.1
00024,MD,Maryland,37.2
00026,MI,Michigan,32.9
00027,MN,Minnesota,24.6
00024,MD,Maryland,76.7
00025,MA,Massachusetts,40.2
00024,MD,Maryland,15.4
00025,MA,Massachusetts,
00023,ME,Maine,35.5
00029,MO,Missouri,35.1
00027,MN,Minnesota,74.6
00026,MI,Michigan,80.3
00027,MN,Minnesota,31.9
00027,MN,Minnesota,27.1
00022,LA,Louisiana,68.9
00029,MO,Missouri,40.6
00024,MD,Maryland,35.3
00022,LA,Louisiana,22.3
00023,ME,Maine,36.6
00029,MO,Missouri,38
00026,MI,Michigan,92.8
00026,MI,Michigan,32.4
00025,MA,Massachusetts,22.6
00021,KY,Kentucky,
00023,ME,Maine,35.4
00023,ME,Maine,33.9
00023,ME,Maine,90.7
00023,ME,Maine,
00027,MN,Minnesota,29.5
00027,MN,Minnesota,
00025,MA,Massachusetts,25.8
00022,LA,Louisiana,20.6
00024,MD,Maryland,37.9
00021,KY,Kentucky,39.9
00028,MS,Mississippi,20.1
00029,MO,Missouri,31.5
00022,LA,Louisiana,54.5
00028,MS,Mississippi,84.5
00025,MA,Massachusetts,38.6
00025,MA,Massachusetts,31.8
00026,MI,Michigan,
00026,MI,Michigan,33.2
00028,MS,Mississippi,80.8
00029,MO,Missouri,44.7
00027,MN,Minnesota,82.2
00025,MA,Massachusetts,74.4
00024,MD,Maryland,42.5
00027,MN,Minnesota,78.4
00029,MO,Missouri,42.4
00026,MI,Michigan,23.1
00022,LA,Louisiana,
00022,LA,Louisiana,85.9
00029,MO,Missouri,
00027,MN,Minnesota,
00028,MS,Mississippi,
00022,LA,Louisiana,40.9
00029,MO,Missouri,38.2
00027,MN,Minnesota,32.7
00021,KY,Kentucky,42.3
00021,KY,Kentucky,75.2
00023,ME,Maine,37
00027,MN,Minnesota,25.4
00023,ME,Maine,13.8
00027,MN,Minnesota,56.1
00024,MD,Maryland,42.7
00029,MO,Missouri,79.7
00027,MN,Minnesota,14.4
00029,MO,Missouri,38.5
00024,MD,Maryland,
00024,MD,Maryland,37.4
00028,MS,Mississippi,40.2
00021,KY,Kentucky,64.1
00029,MO,Missouri,18.1
00028,MS,Mississippi,84.3
00026,MI,Michigan,42.1
00025,MA,Massachusetts,35.7
00021,KY,Kentucky,45.7
00028,MS,Mississippi,38.3
00029,MO,Missouri,32.2
00029,MO,Missouri,40.9
00022,LA,Louisiana,34.8
00029,MO,Missouri,19
00028,MS,Mississippi,37.9
00028,MS,Mississippi,94.4
00027,MN,Minnesota,33.3
00021,KY,Kentucky,37.6
00021,KY,Kentucky,89.4
00021,KY,Kentucky,
00028,MS,Mississippi,36.8
00022,LA,Louisiana,39.1
00028,MS,Mississippi,42.6
00025,MA,Massachusetts,59
00028,MS,Mississippi,
00025,MA,Massachusetts,18
00026,MI,Michigan,16.1
00025,MA,Massachusetts,
00029,MO,Missouri,38.4
00021,KY,Kentucky,50.1
00025,MA,Massachusetts,36.1
00029,MO,Missouri,38.2
00028,MS,Mississippi,
00025,MA,Massachusetts,26
00029,MO,Missouri,44.5
00024,MD,Maryland,62
00023,ME,Maine,26.2
00027,MN,Minnesota,34.9
00022,LA,Louisiana,25
00023,ME,Maine,33.9
00026,MI,Michigan,
00028,MS,Mississippi,
00025,MA,Massachusetts,23
00021,KY,Kentucky,83.8
00021,KY,Kentucky,25.2
00027,MN,Minnesota,49.9
00023,ME,Maine,
00024,MD,Maryland,
00026,MI,Michigan,37.9
00025,MA,Massachusetts,32.8
00029,MO,Missouri,
00022,LA,Louisiana,
00021,KY,Kentucky,21.6
00025,MA,Massachusetts,36.7
00021,KY,Kentucky,
00025,MA,Massachusetts,28.4
00021,KY,Kentucky,39.8
00026,MI,Michigan,36.6
00031,NE,Nebraska,33.4
00035,NM,New Mexico,89.5
00037,NC,North Carolina,82.9
00030,MT,Montana,80.6
00037,NC,North Carolina,19.6
00031,NE,Nebraska,
00033,NH,New Hampshire,15.5
00033,NH,New Hampshire,81
00035,NM,New Mexico,75.5
00037,NC,North Carolina,
00037,NC,North Carolina,14.8
00030,MT,Montana,26.3
00036,NY,New York,80.2
00034,NJ,New Jersey,49.9
00037,NC,North Carolina,45.4
00033,NH,New Hampshire,34.2
00036,NY,New York,24.8
00031,NE,Nebraska,28.9
00032,NV,Nevada,37.4
00037,NC,North Carolina,38.1
00033,NH,New Hampshire,
00031,NE,Nebraska,
00030,MT,Montana,31
00036,NY,New York,50.7
00036,NY,New York,33
00032,NV,Nevada,29.1
00033,NH,New Hampshire,25.3
00032,NV,Nevada,37.6
00030,MT,Montana,32.1
00032,NV,Nevada,25
00035,NM,New Mexico,41.2
00034,NJ,New Jersey,34.2
00036,NY,New York,34.8
00034,NJ,New Jersey,12
00037,NC,North Carolina,
00030,MT,Montana,51.1
00035,NM,New Mexico,
00036,NY,New York,19.8
00037,NC,North Carolina,36.6
00037,NC,North Carolina,35.2
00036,NY,New York,37.9
00056,WY,Wyoming,
00037,NC,North Carolina,79.2
00031,NE,Nebraska,36
00032,NV,Nevada,49
00035,NM,New Mexico,28.1
00033,NH,New Hampshire,
00036,NY,New York,84.8
00034,NJ,New Jersey,37
00030,MT,Montana,31.9
00030,MT,Montana,34.3
00034,NJ,New Jersey,36.7
00036,NY,New York,37.4
00033,NH,New Hampshire,
00031,NE,Nebraska,27.8
00034,NJ,New Jersey,76.2
00032,NV,Nevada,27.9
00036,NY,New York,37.8
00032,NV,Nevada,36
00034,NJ,New Jersey,34.8
00037,NC,North Carolina,82
00032,NV,Nevada,84.6
00032,NV,Nevada,75.9
00036,NY,New York,43
00036,NY,New York,51.6
00037,NC,North Carolina,22.3
00030,MT,Montana,28.9
00033,NH,New Hampshire,
00032,NV,Nevada,
00030,MT,Montana,
00036,NY,New York,34.8
00031,NE,Nebraska,44.7
00034,NJ,New Jersey,
00035,NM,New Mexico,31
00032,NV,Nevada,41.8
00032,NV,Nevada,16
00032,NV,Nevada,28
00034,NJ,New Jersey,33.5
00034,NJ,New Jersey,84.7
00033,NH,New Hampshire,34.3
00033,NH,New Hampshire,
00036,NY,New York,11
00031,NE,Nebraska,64.9
00032,NV,Nevada,43.9
00032,NV,Nevada,34
00031,NE,Nebraska,83.1
00030,MT,Montana,
00030,MT,Montana,
00037,NC,North Carolina,94
00035,NM,New Mexico,17.9
00031,NE,Nebraska,23.8
00035,NM,New Mexico,41.3
00036,NY,New York,32.9
00033,NH,New Hampshire,33.4
00031,NE,Nebraska,32.9
00031,NE,Nebraska,85.2
00031,NE,Nebraska,16.1
00035,NM,New Mexico,39.8
00032,NV,Nevada,40
00031,NE,Nebraska,32.7
00030,MT,Montana,
00033,NH,New Hampshire,35.2
00036,NY,New York,
00030,MT,Montana,69.6
00033,NH,New Hampshire,33.9
00035,NM,New Mexico,43.7
00037,NC,North Carolina,83
00034,NJ,New Jersey,37.7
00036,NY,New York,25.4
00032,NV,Nevada,43.9
00031,NE,Nebraska,39.2
00032,NV,Nevada,25
00036,NY,New York,82
00030,MT,Montana,30.5
00035,NM,New Mexico,34.1
00034,NJ,New Jersey,29.6
00034,NJ,New Jersey,39.3
00035,NM,New Mexico,31
00031,NE,Nebraska,13.4
00033,NH,New Hampshire,
00035,NM,New Mexico,
00034,NJ,New Jersey,59.1
00035,NM,New Mexico,30.3
00031,NE,Nebraska,55.5
00033,NH,New Hampshire,34.8
00030,MT,Montana,
00037,NC,North Carolina,
00034,NJ,New Jersey,22.7
00030,MT,Montana,
00032,NV,Nevada,
00030,MT,Montana,14.1
00030,MT,Montana,30.6
00037,NC,North Carolina,78.2
00033,NH,New Hampshire,34.2
00031,NE,Nebraska,
00037,NC,North Carolina,13.5
00035,NM,New Mexico,
00036,NY,New York,83.5
00037,NC,North Carolina,35.3
00036,NY,New York,19.7
00031,NE,Nebraska,27.8
00034,NJ,New Jersey,39.5
00035,NM,New Mexico,34.3
00032,NV,Nevada,79.7
00034,NJ,New Jersey,33.9
00033,NH,New Hampshire,
00036,NY,New York,38.2
00031,NE,Nebraska,81.5
00035,NM,New Mexico,15.1
00034,NJ,New Jersey,31.1
00037,NC,North Carolina,65.1
00034,NJ,New Jersey,
00031,NE,Nebraska,34.6
00032,NV,Nevada,59.8
00032,NV,Nevada,35.9
00037,NC,North Carolina,42.8
00034,NJ,New Jersey,34.1
00032,NV,Nevada,28
00031,NE,Nebraska,41.6
00035,NM,New Mexico,28.8
00035,NM,New Mexico,33.5
00034,NJ,New Jersey,35.6
00030,MT,Montana,75.9
00033,NH,New Hampshire,34.2
00030,MT,Montana,31.6
00037,NC,North Carolina,56.2
00033,NH,New Hampshire,12.2
00030,MT,Montana,32.3
00034,NJ,New Jersey,85.9
00036,NY,New York,26.3
00034,NJ,New Jersey,38.2
00034,NJ,New Jersey,37.1
00033,NH,New Hampshire,
00034,NJ,New Jersey,49.5
00036,NY,New York,37.6
00030,MT,Montana,
00037,NC,North Carolina,33.8
00036,NY,New York,38.7
00033,NH,New Hampshire,
00030,MT,Montana,71.9
00037,NC,North Carolina,52.2
00035,NM,New Mexico,77.2
00032,NV,Nevada,28.2
00037,NC,North Carolina,34.3
00033,NH,New Hampshire,30.6
00030,MT,Montana,19.7
00035,NM,New Mexico,76
00035,NM,New Mexico,40.8
00034,NJ,New Jersey,39
00036,NY,New York,75.7
00030,MT,Montana,
00035,NM,New Mexico,29.2
00036,NY,New York,93.2
00033,NH,New Hampshire,42.4
00033,NH,New Hampshire,
00032,NV,Nevada,
00030,MT,Montana,33.7
00034,NJ,New Jersey,81.2
00033,NH,New Hampshire,
00035,NM,New Mexico,52
00035,NM,New Mexico,38.2
00032,NV,Nevada,94.6
00032,NV,Nevada,32.5
00033,NH,New Hampshire,
00034,NJ,New Jersey,
00033,NH,New Hampshire,
00037,NC,North Carolina,39.4
00032,NV,Nevada,40.6
00034,NJ,New Jersey,
00037,NC,North Carolina,
00031,NE,Nebraska,74.9
00030,MT,Montana,53.7
00035,NM,New Mexico,32.9
00031,NE,Nebraska,34.8
00033,NH,New Hampshire,15.5
00031,NE,Nebraska,16
00030,MT,Montana,19.9
00035,NM,New Mexico,76.5
00036,NY,New York,34.8
00037,NC,North Carolina,50.4
00037,NC,North Carolina,33.9
00032,NV,Nevada,35.4
00037,NC,North Carolina,42.8
00031,NE,Nebraska,39.6
00033,NH,New Hampshire,76.7
00034,NJ,New Jersey,42.9
00037,NC,North Carolina,22.4
00035,NM,New Mexico,35.7
00032,NV,Nevada,73.2
00033,NH,New Hampshire,75.6
00033,NH,New Hampshire,
00033,NH,New Hampshire,30.4
00030,MT,Montana,46.4
00033,NH,New Hampshire,
00036,NY,New York,82.4
00030,MT,Montana,22.5
00034,NJ,New Jersey,
00034,NJ,New Jersey,34.4
00031,NE,Nebraska,33.3
00034,NJ,New Jersey,
00036,NY,New York,
00035,NM,New Mexico,55.4
00030,MT,Montana,27.4
00031,NE,Nebraska,26.5
00036,NY,New York,42.7
00031,NE,Nebraska,74.9
00034,NJ,New Jersey,42.4
00034,NJ,New Jersey,35.3
00033,NH,New Hampshire,54
00032,NV,Nevada,33.7
00031,NE,Nebraska,36.4
00032,NV,Nevada,
00031,NE,Nebraska,31.5
00032,NV,Nevada,35.6
00035,NM,New Mexico,36.1
00034,NJ,New Jersey,
00031,NE,Nebraska,94.4
00037,NC,North Carolina,35.4
00031,NE,Nebraska,59.3
00030,MT,Montana,42.5
00034,NJ,New Jersey,28.2
00036,NY,New York,25.7
00037,NC,North Carolina,17.5
00033,NH,New Hampshire,33.2
00035,NM,New Mexico,79.1
00037,NC,North Carolina,35.5
00033,NH,New Hampshire,26.1
00030,MT,Montana,46.7
00030,MT,Montana,30.3
00034,NJ,New Jersey,42.8
00030,MT,Montana,28.7
00031,NE,Nebraska,31.5
00031,NE,Nebraska,13.5
00037,NC,North Carolina,35.2
00036,NY,New York,
00037,NC,North Carolina,25.9
00035,NM,New Mexico,40.1
00030,MT,Montana,26.4
00037,NC,North Carolina,42.4
00037,NC,North Carolina,85.6
00033,NH,New Hampshire,
00033,NH,New Hampshire,
00032,NV,Nevada,59.8
00031,NE,Nebraska,26.7
00032,NV,Nevada,
00032,NV,Nevada,
00030,MT,Montana,77
00037,NC,North Carolina,84.8
00030,MT,Montana,
00030,MT,Montana,19.7
00034,NJ,New Jersey,95.2
00032,NV,Nevada,48.1
00034,NJ,New Jersey,25
00031,NE,Nebraska,79.6
00032,NV,Nevada,38.1
00036,NY,New York,36.2
00034,NJ,New Jersey,20.8
00031,NE,Nebraska,33.2
00035,NM,New Mexico,18
00030,MT,Montana,
00033,NH,New Hampshire,26.2
00033,NH,New Hampshire,78.1
00034,NJ,New Jersey,77
00037,NC,North Carolina,
00037,NC,North Carolina,19.6
00035,NM,New Mexico,36.4
00033,NH,New Hampshire,
00030,MT,Montana,
00036,NY,New York,35.8
00036,NY,New York,63
00036,NY,New York,31.3
00031,NE,Nebraska,36.2
00037,NC,North Carolina,17.4
00035,NM,New Mexico,28.1
00034,NJ,New Jersey,77.9
00031,NE,Nebraska,32.9
00032,NV,Nevada,42.2
00032,NV,Nevada,44
00033,NH,New Hampshire,34.2
00030,MT,Montana,31.5
00030,MT,Montana,22.5
00034,NJ,New Jersey,22.7
00037,NC,North Carolina,35.5
00033,NH,New Hampshire,92.6
00034,NJ,New Jersey,
00035,NM,New Mexico,34.6
00034,NJ,New Jersey,82.3
00032,NV,Nevada,22.3
00033,NH,New Hampshire,78
00035,NM,New Mexico,
00032,NV,Nevada,79.2
00030,MT,Montana,33.6
00034,NJ,New Jersey,
00036,NY,New York,40.7
00036,NY,New York,37.7
00034,NJ,New Jersey,82.1
00035,NM,New Mexico,35.3
00031,NE,Nebraska,36.2
00032,NV,Nevada,80.4
00036,NY,New York,32.8
00031,NE,Nebraska,31.7
00032,NV,Nevada,
00036,NY,New York,33.2
00035,NM,New Mexico,
00034,NJ,New Jersey,36.6
00033,NH,New Hampshire,51.8
00031,NE,Nebraska,39
00030,MT,Montana,
00036,NY,New York,30.5
00032,NV,Nevada,
00037,NC,North Carolina,56.6
00030,MT,Montana,14
00036,NY,New York,34.4
00032,NV,Nevada,
00031,NE,Nebraska,
00037,NC,North Carolina,34.7
00037,NC,North Carolina,38.2
00031,NE,Nebraska,20.8
00036,NY,New York,38.2
00032,NV,Nevada,48.6
00031,NE,Nebraska,76.8
00036,NY,New York,30.6
00033,NH,New Hampshire,52.4
00035,NM,New Mexico,
00033,NH,New Hampshire,36.1
00030,MT,Montana,31.3
00032,NV,Nevada,37.4
00032,NV,Nevada,
00035,NM,New Mexico,75.1
00031,NE,Nebraska,34.5
00036,NY,New York,73.4
00030,MT,Montana,
00036,NY,New York,32.6
00035,NM,New Mexico,
00037,NC,North Carolina,36.8
00033,NH,New Hampshire,25.3
00035,NM,New Mexico,71.2
00037,NC,North Carolina,42.1
00031,NE,Nebraska,
00030,MT,Montana,90.2
00034,NJ,New Jersey,36.8
00033,NH,New Hampshire,31.6
00032,NV,Nevada,48.6
00035,NM,New Mexico,
00030,MT,Montana,14.2
00035,NM,New Mexico,
00031,NE,Nebraska,
00036,NY,New York,79.5
00033,NH,New Hampshire,36.4
00035,NM,New Mexico,35.4
00037,NC,North Carolina,35.2
00035,NM,New Mexico,29.1
00035,NM,New Mexico,35.9
00036,NY,New York,28.5
00030,MT,Montana,75.8
00031,NE,Nebraska,56
00037,NC,North Carolina,
00033,NH,New Hampshire,30.1
00032,NV,Nevada,35.9
00035,NM,New Mexico,
00036,NY,New York,85.8
00034,NJ,New Jersey,29.6
00037,NC,North Carolina,39.2
00033,NH,New Hampshire,16.5
00035,NM,New Mexico,34.2
00037,NC,North Carolina,35.7
00034,NJ,New Jersey,23
00036,NY,New York,26.2
00036,NY,New York,57.7
00031,NE,Nebraska,20.6
00035,NM,New Mexico,51.7
00032,NV,Nevada,22.2
00037,NC,North Carolina,
00031,NE,Nebraska,16.9
00042,PA,Pennsylvania,
00038,ND,North Dakota,28.3
00039,OH,Ohio,22.2
00041,OR,Oregon,33.1
00039,OH,Ohio,35.7
00038,ND,North Dakota,14.1
00044,RI,Rhode Island,32.8
00044,RI,Rhode Island,37.1
00045,SC,South Carolina,55.1
00042,PA,Pennsylvania,83
00042,PA,Pennsylvania,
00044,RI,Rhode Island,
00042,PA,Pennsylvania,
00072,PR,Puerto Rico,64.4
00072,PR,Puerto Rico,53
00042,PA,Pennsylvania,
00038,ND,North Dakota,
00045,SC,South Carolina,36.7
00046,SD,South Dakota,34.6
00038,ND,North Dakota,
00046,SD,South Dakota,38.9
00039,OH,Ohio,
00040,OK,Oklahoma,38.8
00039,OH,Ohio,37.6
00072,PR,Puerto Rico,
00041,OR,Oregon,34.5
00072,PR,Puerto Rico,41
00046,SD,South Dakota,
00039,OH,Ohio,41.5
00040,OK,Oklahoma,19.1
00045,SC,South Carolina,43.6
00040,OK,Oklahoma,41.5
00042,PA,Pennsylvania,50.4
00041,OR,Oregon,
00040,OK,Oklahoma,37.4
00046,SD,South Dakota,38
00044,RI,Rhode Island,
00042,PA,Pennsylvania,15.3
00044,RI,Rhode Island,51.2
00045,SC,South Carolina,53
00038,ND,North Dakota,38.5
00041,OR,Oregon,34.4
00039,OH,Ohio,78.3
00072,PR,Puerto Rico,
00039,OH,Ohio,33.6
00045,SC,South Carolina,16.6
00046,SD,South Dakota,36.7
00038,ND,North Dakota,83.5
00040,OK,Oklahoma,30.3
00046,SD,South Dakota,39.4
00042,PA,Pennsylvania,22
00044,RI,Rhode Island,81.5
00045,SC,South Carolina,84
00041,OR,Oregon,
00040,OK,Oklahoma,40.7
00046,SD,South Dakota,42.1
00038,ND,North Dakota,
00044,RI,Rhode Island,38.6
00039,OH,Ohio,23.8
00046,SD,South Dakota,
00042,PA,Pennsylvania,40.8
00041,OR,Oregon,
00046,SD,South Dakota,
00041,OR,Oregon,33.6
00045,SC,South Carolina,25
00041,OR,Oregon,30.4
00045,SC,South Carolina,60.6
00039,OH,Ohio,39.7
00045,SC,South Carolina,37.4
00072,PR,Puerto Rico,
00038,ND,North Dakota,29.5
00041,OR,Oregon,58.3
00038,ND,North Dakota,16.3
00039,OH,Ohio,53.4
00044,RI,Rhode Island,31.2
00040,OK,Oklahoma,80
00044,RI,Rhode Island,51.9
00072,PR,Puerto Rico,56.9
00041,OR,Oregon,34.9
00045,SC,South Carolina,38.1
00039,OH,Ohio,35.5
00042,PA,Pennsylvania,15.3
00072,PR,Puerto Rico,
00039,OH,Ohio,62.1
00042,PA,Pennsylvania,31.5
00038,ND,North Dakota,38.7
00044,RI,Rhode Island,22.4
00038,ND,North Dakota,
00046,SD,South Dakota,
00038,ND,North Dakota,29.7
00045,SC,South Carolina,40.3
00045,SC,South Carolina,22.8
00072,PR,Puerto Rico,85.2
00044,RI,Rhode Island,28.4
00038,ND,North Dakota,33.5
00072,PR,Puerto Rico,
00044,RI,Rhode Island,
00042,PA,Pennsylvania,
00039,OH,Ohio,43
00045,SC,South Carolina,38.2
00038,ND,North Dakota,24.2
00046,SD,South Dakota,48.4
00072,PR,Puerto Rico,41.5
00044,RI,Rhode Island,78.4
00042,PA,Pennsylvania,
00046,SD,South Dakota,38.9
00044,RI,Rhode Island,27.1
00038,ND,North Dakota,
00045,SC,South Carolina,37.8
00040,OK,Oklahoma,40.8
00045,SC,South Carolina,
00045,SC,South Carolina,47.5
00039,OH,Ohio,52.9
00042,PA,Pennsylvania,81.6
00041,OR,Oregon,31.8
00045,SC,South Carolina,86.5
00072,PR,Puerto Rico,
00044,RI,Rhode Island,27.2
00045,SC,South Carolina,36.9
00042,PA,Pennsylvania,34.6
00072,PR,Puerto Rico,41.4
00038,ND,North Dakota,31.1
00046,SD,South Dakota,42.5
00041,OR,Oregon,32.3
00038,ND,North Dakota,52.5
00072,PR,Puerto Rico,44.1
00038,ND,North Dakota,
00038,ND,North Dakota,29
00044,RI,Rhode Island,27.1
00039,OH,Ohio,66.3
00042,PA,Pennsylvania,79.9
00040,OK,Oklahoma,
00038,ND,North Dakota,32.9
00046,SD,South Dakota,
00072,PR,Puerto Rico,17.4
00042,PA,Pennsylvania,93.3
00044,RI,Rhode Island,
00045,SC,South Carolina,63.5
00046,SD,South Dakota,28
00039,OH,Ohio,37.2
00046,SD,South Dakota,28
00046,SD,South Dakota,27.9
00040,OK,Oklahoma,
00072,PR,Puerto Rico,43.7
00072,PR,Puerto Rico,
00046,SD,South Dakota,
00046,SD,South Dakota,
00039,OH,Ohio,44.9
00072,PR,Puerto Rico,83.5
00041,OR,Oregon,24.8
00041,OR,Oregon,68.1
00072,PR,Puerto Rico,41.8
00072,PR,Puerto Rico,19.8
00038,ND,North Dakota,
00040,OK,Oklahoma,45.3
00040,OK,Oklahoma,35.6
00046,SD,South Dakota,33.5
00045,SC,South Carolina,35
00045,SC,South Carolina,
00039,OH,Ohio,76.7
00046,SD,South Dakota,
00044,RI,Rhode Island,14.7
00042,PA,Pennsylvania,30.8
00044,RI,Rhode Island,39
00046,SD,South Dakota,
00041,OR,Oregon,27.2
00041,OR,Oregon,15.8
00039,OH,Ohio,42.7
00072,PR,Puerto Rico,
00046,SD,South Dakota,94.8
00072,PR,Puerto Rico,
00040,OK,Oklahoma,
00038,ND,North Dakota,16.3
00046,SD,South Dakota,74.2
00042,PA,Pennsylvania,39.6
00072,PR,Puerto Rico,41.1
00041,OR,Oregon,75.6
00046,SD,South Dakota,80.9
00044,RI,Rhode Island,33.6
00072,PR,Puerto Rico,87.6
00042,PA,Pennsylvania,
00039,OH,Ohio,
00040,OK,Oklahoma,40.1
00045,SC,South Carolina,40
00041,OR,Oregon,34
00045,SC,South Carolina,47.5
00045,SC,South Carolina,
00072,PR,Puerto Rico,
00039,OH,Ohio,15.9
00044,RI,Rhode Island,
00045,SC,South Carolina,85.9
00038,ND,North Dakota,82.5
00046,SD,South Dakota,15.6
00046,SD,South Dakota,36.3
00044,RI,Rhode Island,81.4
00040,OK,Oklahoma,50.7
00040,OK,Oklahoma,39.3
00038,ND,North Dakota,25.5
00040,OK,Oklahoma,77.7
00044,RI,Rhode Island,95.1
00046,SD,South Dakota,
00042,PA,Pennsylvania,
00072,PR,Puerto Rico,
00040,OK,Oklahoma,
00044,RI,Rhode Island,38.2
00045,SC,South Carolina,34.8
00046,SD,South Dakota,
00045,SC,South Carolina,17.9
00042,PA,Pennsylvania,21.8
00038,ND,North Dakota,33.1
00039,OH,Ohio,93.3
00046,SD,South Dakota,73.3
00038,ND,North Dakota,29
00039,OH,Ohio,28.5
00040,OK,Oklahoma,56.3
00044,RI,Rhode Island,83.9
00041,OR,Oregon,36.5
00045,SC,South Carolina,22.4
00045,SC,South Carolina,18.8
00072,PR,Puerto Rico,86.7
00038,ND,North Dakota,63.6
00041,OR,Oregon,35.3
00038,ND,North Dakota,
00040,OK,Oklahoma,33.9
00039,OH,Ohio,17.5
00042,PA,Pennsylvania,35.6
00042,PA,Pennsylvania,77.1
00045,SC,South Carolina,
00072,PR,Puerto Rico,
00040,OK,Oklahoma,45.6
00044,RI,Rhode Island,35
00039,OH,Ohio,70.1
00044,RI,Rhode Island,28.4
00046,SD,South Dakota,
00046,SD,South Dakota,
00072,PR,Puerto Rico,
00040,OK,Oklahoma,76.1
00040,OK,Oklahoma,81.7
00041,OR,Oregon,50.6
00045,SC,South Carolina,55.5
00040,OK,Oklahoma,72.4
00046,SD,South Dakota,17.1
00038,ND,North Dakota,33.9
00038,ND,North Dakota,74.7
00072,PR,Puerto Rico,41.4
00046,SD,South Dakota,32.1
00072,PR,Puerto Rico,
00040,OK,Oklahoma,37.7
00044,RI,Rhode Island,35.4
00046,SD,South Dakota,59.9
00039,OH,Ohio,33.7
00072,PR,Puerto Rico,
00041,OR,Oregon,21.6
00039,OH,Ohio,22.2
00040,OK,Oklahoma,40.4
00044,RI,Rhode Island,35.2
00040,OK,Oklahoma,
00040,OK,Oklahoma,
00072,PR,Puerto Rico,
00038,ND,North Dakota,24.2
00041,OR,Oregon,28.3
00040,OK,Oklahoma,17
00045,SC,South Carolina,
00041,OR,Oregon,16.5
00038,ND,North Dakota,33.4
00038,ND,North Dakota,
00042,PA,Pennsylvania,16.6
00045,SC,South Carolina,37.5
00041,OR,Oregon,
00072,PR,Puerto Rico,73.3
00045,SC,South Carolina,37.9
00044,RI,Rhode Island,
00038,ND,North Dakota,33
00040,OK,Oklahoma,82.5
00044,RI,Rhode Island,17
00038,ND,North Dakota,82
00044,RI,Rhode Island,34.6
00041,OR,Oregon,25.6
00039,OH,Ohio,17.6
00042,PA,Pennsylvania,39.2
00044,RI,Rhode Island,85.1
00040,OK,Oklahoma,
00046,SD,South Dakota,52.3
00040,OK,Oklahoma,42.6
00072,PR,Puerto Rico,50.8
00072,PR,Puerto Rico,
00040,OK,Oklahoma,35.8
00041,OR,Oregon,87.9
00042,PA,Pennsylvania,28.3
00041,OR,Oregon,75
00045,SC,South Carolina,12.9
00041,OR,Oregon,
00039,OH,Ohio,37.1
00038,ND,North Dakota,38.7
00072,PR,Puerto Rico,42.2
00044,RI,Rhode Island,
00045,SC,South Carolina,94.4
00039,OH,Ohio,79.5
00042,PA,Pennsylvania,85.3
00045,SC,South Carolina,37.1
00042,PA,Pennsylvania,33.8
00038,ND,North Dakota,
00044,RI,Rhode Island,27
00039,OH,Ohio,27.3
00072,PR,Puerto Rico,
00044,RI,Rhode Island,
00042,PA,Pennsylvania,
00046,SD,South Dakota,30.8
00038,ND,North Dakota,20.3
00041,OR,Oregon,50.3
00040,OK,Oklahoma,40.7
00039,OH,Ohio,27.2
00042,PA,Pennsylvania,28.3
00045,SC,South Carolina,83.1
00042,PA,Pennsylvania,13.6
00046,SD,South Dakota,85.4
00040,OK,Oklahoma,17.1
00038,ND,North Dakota,34.4
00044,RI,Rhode Island,33.9
00046,SD,South Dakota,
00042,PA,Pennsylvania,33
00041,OR,Oregon,50.1
00038,ND,North Dakota,43.4
00045,SC,South Carolina,55.8
00045,SC,South Carolina,43.8
00039,OH,Ohio,42.9
00045,SC,South Carolina,
00044,RI,Rhode Island,34.8
00072,PR,Puerto Rico,
00044,RI,Rhode Island,60
00040,OK,Oklahoma,38.2
00039,OH,Ohio,33.9
00044,RI,Rhode Island,45.8
00039,OH,Ohio,28.4
00041,OR,Oregon,40.4
00046,SD,South Dakota,
00072,PR,Puerto Rico,20
00042,PA,Pennsylvania,60.6
00040,OK,Oklahoma,39.5
00041,OR,Oregon,
00041,OR,Oregon,15.9
00072,PR,Puerto Rico,51
00045,SC,South Carolina,22.1
00041,OR,Oregon,
00039,OH,Ohio,42.7
00046,SD,South Dakota,78.4
00045,SC,South Carolina,22.8
00072,PR,Puerto Rico,37.8
00039,OH,Ohio,
00040,OK,Oklahoma,93.5
00042,PA,Pennsylvania,82.7
00040,OK,Oklahoma,30.8
00044,RI,Rhode Island,30.6
00042,PA,Pennsylvania,36.8
00040,OK,Oklahoma,38.9
00039,OH,Ohio,37.4
00046,SD,South Dakota,
00042,PA,Pennsylvania,56.6
00042,PA,Pennsylvania,42.6
00045,SC,South Carolina,82.9
00072,PR,Puerto Rico,
00038,ND,North Dakota,33.8
00040,OK,Oklahoma,83
00041,OR,Oregon,32.1
00044,RI,Rhode Island,32.6
00072,PR,Puerto Rico,
00044,RI,Rhode Island,82.6
00042,PA,Pennsylvania,32.9
00040,OK,Oklahoma,34.1
00042,PA,Pennsylvania,33.7
00046,SD,South Dakota,48.4
00041,OR,Oregon,
00045,SC,South Carolina,17.8
00042,PA,Pennsylvania,35.8
00072,PR,Puerto Rico,95.7
00038,ND,North Dakota,41
00072,PR,Puerto Rico,38.2
00039,OH,Ohio,39.9
00040,OK,Oklahoma,55.3
00042,PA,Pennsylvania,33.6
00038,ND,North Dakota,
00042,PA,Pennsylvania,23.6
00040,OK,Oklahoma,64.6
00041,OR,Oregon,32.6
00046,SD,South Dakota,31.6
00044,RI,Rhode Island,16.9
00045,SC,South Carolina,84.8
00039,OH,Ohio,
00044,RI,Rhode Island,
00046,SD,South Dakota,17.1
00072,PR,Puerto Rico,41.8
00039,OH,Ohio,37.3
00044,RI,Rhode Island,32.9
00040,OK,Oklahoma,44.2
00046,SD,South Dakota,38.4
00040,OK,Oklahoma,51.4
00072,PR,Puerto Rico,
00038,ND,North Dakota,
00041,OR,Oregon,32.9
00038,ND,North Dakota,59.9
00042,PA,Pennsylvania,50.6
00041,OR,Oregon,30.9
00039,OH,Ohio,35
00041,OR,Oregon,13.9
00039,OH,Ohio,83.4
00072,PR,Puerto Rico,
00038,ND,North Dakota,34.2
00041,OR,Oregon,16.5
00046,SD,South Dakota,53.1
00072,PR,Puerto Rico,85.2
00044,RI,Rhode Island,79.3
00046,SD,South Dakota,35.4
00039,OH,Ohio,16.9
00042,PA,Pennsylvania,
00039,OH,Ohio,35.3
00044,RI,Rhode Island,38.8
00041,OR,Oregon,25
00038,ND,North Dakota,78.6
00044,RI,Rhode Island,
00039,OH,Ohio,
00038,ND,North Dakota,33.7
00044,RI,Rhode Island,34.9
00072,PR,Puerto Rico,
00038,ND,North Dakota,
00042,PA,Pennsylvania,36.4
00041,OR,Oregon,
00046,SD,South Dakota,34.4
00039,OH,Ohio,27.1
00041,OR,Oregon,18.3
00041,OR,Oregon,32.7
00039,OH,Ohio,82.5
00039,OH,Ohio,27
00038,ND,North Dakota,51.9
00041,OR,Oregon,26.7
00042,PA,Pennsylvania,34.8
00041,OR,Oregon,
00045,SC,South Carolina,47.6
00046,SD,South Dakota,87
00040,OK,Oklahoma,48.7
00040,OK,Oklahoma,74.3
00041,OR,Oregon,34.2
00044,RI,Rhode Island,38.7
00046,SD,South Dakota,
00045,SC,South Carolina,18.9
00041,OR,Oregon,77.6
00045,SC,South Carolina,
00041,OR,Oregon,72.6
00042,PA,Pennsylvania,36.2
00038,ND,North Dakota,94.4
00045,SC,South Carolina,37.7
00040,OK,Oklahoma,35.4
00045,SC,South Carolina,47
00042,PA,Pennsylvania,34.3
00039,OH,Ohio,80.5
00039,OH,Ohio,
00041,OR,Oregon,37.3
00044,RI,Rhode Island,31.1
00040,OK,Oklahoma,
00042,PA,Pennsylvania,24.6
00045,SC,South Carolina,79.4
00038,ND,North Dakota,31.3
00042,PA,Pennsylvania,40.4
00042,PA,Pennsylvania,23.6
00040,OK,Oklahoma,22.7
00049,UT,Utah,29.6
00048,TX,Texas,42.7
00054,WV,West Virginia,92.8
00059,US,United States,38
00059,US,United States,41.3
00051,VA,Virginia,41.1
00054,WV,West Virginia,
00047,TN,Tennessee,
00051,VA,Virginia,43.9
00047,TN,Tennessee,
00078,VI,Virgin Islands,60.7
00053,WA,Washington,
00049,UT,Utah,22.5
00048,TX,Texas,60.7
00049,UT,Utah,38.7
00078,VI,Virgin Islands,27.5
00053,WA,Washington,33.1
00059,US,United States,19.4
00048,TX,Texas,37.5
00051,VA,Virginia,41.6
00048,TX,Texas,26.4
00054,WV,West Virginia,41.5
00047,TN,Tennessee,29.8
00049,UT,Utah,21.6
00051,VA,Virginia,62
00050,VT,Vermont,15.8
00078,VI,Virgin Islands,72.3
00059,US,United States,30.9
00059,US,United States,36.6
00051,VA,Virginia,16.7
00059,US,United States,
00051,VA,Virginia,
00048,TX,Texas,75.1
00049,UT,Utah,28.3
00049,UT,Utah,52.4
00053,WA,Washington,35.6
00047,TN,Tennessee,
00049,UT,Utah,34.5
00078,VI,Virgin Islands,31.8
00047,TN,Tennessee,94.4
00050,VT,Vermont,15.7
00053,WA,Washington,22.2
00050,VT,Vermont,32.2
00048,TX,Texas,36.4
00054,WV,West Virginia,
00051,VA,Virginia,41.5
00050,VT,Vermont,30.2
00053,WA,Washington,34.6
00054,WV,West Virginia,46.7
00053,WA,Washington,24.9
00051,VA,Virginia,34.4
00059,US,United States,80.1
00054,WV,West Virginia,28.4
00050,VT,Vermont,51.3
00051,VA,Virginia,35.5
00078,VI,Virgin Islands,21.4
00078,VI,Virgin Islands,34.2
00051,VA,Virginia,35.8
00049,UT,Utah,31.6
00078,VI,Virgin Islands,
00078,VI,Virgin Islands,28.7
00078,VI,Virgin Islands,78
00049,UT,Utah,27.6
00059,US,United States,34.4
00051,VA,Virginia,41.2
00078,VI,Virgin Islands,
00053,WA,Washington,31.3
00047,TN,Tennessee,40.5
00053,WA,Washington,87.9
00054,WV,West Virginia,84.1
00048,TX,Texas,19.8
00049,UT,Utah,29.9
00054,WV,West Virginia,38.9
00078,VI,Virgin Islands,71.6
00054,WV,West Virginia,68.3
00048,TX,Texas,31.7
00051,VA,Virginia,43.6
00053,WA,Washington,32.3
00054,WV,West Virginia,
00049,UT,Utah,14.4
00053,WA,Washington,24.5
00054,WV,West Virginia,
00054,WV,West Virginia,75.2
00050,VT,Vermont,39.4
00048,TX,Texas,15.1
00078,VI,Virgin Islands,
00047,TN,Tennessee,37.6
00049,UT,Utah,27.6
00059,US,United States,30.7
00054,WV,West Virginia,41.7
00053,WA,Washington,69.1
00050,VT,Vermont,89.7
00048,TX,Texas,34.8
00053,WA,Washington,28.2
00047,TN,Tennessee,39.9
00059,US,United States,82
00051,VA,Virginia,27.3
00059,US,United States,32.8
00078,VI,Virgin Islands,77.7
00047,TN,Tennessee,30.8
00050,VT,Vermont,32.4
00047,TN,Tennessee,45.5
00078,VI,Virgin Islands,
00050,VT,Vermont,79.5
00053,WA,Washington,31.1
00048,TX,Texas,
00059,US,United States,
00053,WA,Washington,39.6
00054,WV,West Virginia,19.3
00054,WV,West Virginia,19.4
00051,VA,Virginia,32
00053,WA,Washington,40.3
00053,WA,Washington,31.3
00049,UT,Utah,26.7
00047,TN,Tennessee,
00051,VA,Virginia,79.7
00059,US,United States,
00059,US,United States,
00078,VI,Virgin Islands,31.1
00054,WV,West Virginia,49.8
00054,WV,West Virginia,
00048,TX,Texas,94.2
00049,UT,Utah,29.7
00054,WV,West Virginia,
00049,UT,Utah,
00078,VI,Virgin Islands,
00078,VI,Virgin Islands,38.8
00050,VT,Vermont,32.6
00059,US,United States,53.7
00059,US,United States,18.4
00048,TX,Texas,55.4
00059,US,United States,
00054,WV,West Virginia,
00051,VA,Virginia,20.5
00051,VA,Virginia,19.3
00078,VI,Virgin Islands,73.8
00078,VI,Virgin Islands,
00051,VA,Virginia,28.2
00053,WA,Washington,39.8
00050,VT,Vermont,19.2
00078,VI,Virgin Islands,46.4
00047,TN,Tennessee,77.8
00053,WA,Washington,14
00047,TN,Tennessee,46.6
00059,US,United States,32.7
00051,VA,Virginia,28
00059,US,United States,24.4
00078,VI,Virgin Islands,
00078,VI,Virgin Islands,33.7
00048,TX,Texas,24.7
00059,US,United States,92.5
00047,TN,Tennessee,31.8
00047,TN,Tennessee,
00049,UT,Utah,
00051,VA,Virginia,60.2
00047,TN,Tennessee,
00047,TN,Tennessee,45.1
00054,WV,West Virginia,32.1
00048,TX,Texas,83.2
00054,WV,West Virginia,42.1
00059,US,United States,35.6
00047,TN,Tennessee,52.6
00059,US,United States,82.8
00051,VA,Virginia,76.3
00050,VT,Vermont,39.4
00048,TX,Texas,43.5
00049,UT,Utah,
00053,WA,Washington,68.3
00059,US,United States,34.5
00048,TX,Texas,31.7
00051,VA,Virginia,36.1
00048,TX,Texas,40.8
00059,US,United States,34.7
00047,TN,Tennessee,
00059,US,United States,33
00049,UT,Utah,72.1
00047,TN,Tennessee,
00053,WA,Washington,24.3
00048,TX,Texas,43.1
00054,WV,West Virginia,80.2
00054,WV,West Virginia,41.3
00047,TN,Tennessee,35.5
00053,WA,Washington,35.7
00050,VT,Vermont,33.9
00049,UT,Utah,
00051,VA,Virginia,
00050,VT,Vermont,30.8
00053,WA,Washington,60.3
00078,VI,Virgin Islands,
00047,TN,Tennessee,30.5
00049,UT,Utah,
00048,TX,Texas,25.4
00059,US,United States,42.4
00049,UT,Utah,53.4
00053,WA,Washington,36.9
00053,WA,Washington,36.1
00050,VT,Vermont,26.5
00048,TX,Texas,35.3
00078,VI,Virgin Islands,36.5
00047,TN,Tennessee,35.4
00050,VT,Vermont,
00053,WA,Washington,31.6
00048,TX,Texas,27.1
00048,TX,Texas,61.2
00054,WV,West Virginia,40.7
00050,VT,Vermont,46.8
00048,TX,Texas,54.9
00048,TX,Texas,65.1
00059,US,United States,
00048,TX,Texas,25
00051,VA,Virginia,28.3
00048,TX,Texas,19.9
00054,WV,West Virginia,82.2
00049,UT,Utah,30.7
00048,TX,Texas,85.9
00050,VT,Vermont,
00054,WV,West Virginia,46.6
00049,UT,Utah,18.9
00054,WV,West Virginia,
00078,VI,Virgin Islands,13.1
00054,WV,West Virginia,
00053,WA,Washington,52.2
00059,US,United States,38.4
00078,VI,Virgin Islands,47.1
00051,VA,Virginia,84.4
00048,TX,Texas,32.8
00047,TN,Tennessee,20.5
00054,WV,West Virginia,57.1
00078,VI,Virgin Islands,27.3
00054,WV,West Virginia,44.7
00049,UT,Utah,29.4
00048,TX,Texas,
00050,VT,Vermont,
00078,VI,Virgin Islands,58.8
00053,WA,Washington,35.5
00049,UT,Utah,
00047,TN,Tennessee,17.5
00051,VA,Virginia,58.3
00078,VI,Virgin Islands,
00054,WV,West Virginia,43.7
00059,US,United States,18.5
00047,TN,Tennessee,86.6
00078,VI,Virgin Islands,
00048,TX,Texas,59.3
00053,WA,Washington,35.3
00078,VI,Virgin Islands,33.8
00047,TN,Tennessee,
00078,VI,Virgin Islands,
00053,WA,Washington,25.7
00078,VI,Virgin Islands,34.4
00051,VA,Virginia,81
00054,WV,West Virginia,
00078,VI,Virgin Islands,
00059,US,United States,30.7
00059,US,United States,53.1
00049,UT,Utah,66.6
00049,UT,Utah,31.3
00053,WA,Washington,76.3
00048,TX,Texas,38.5
00053,WA,Washington,16
00051,VA,Virginia,37.1
00054,WV,West Virginia,
00048,TX,Texas,43.1
00051,VA,Virginia,43.9
00047,TN,Tennessee,20.4
00049,UT,Utah,32.6
00078,VI,Virgin Islands,
00050,VT,Vermont,29
00054,WV,West Virginia,83.3
00050,VT,Vermont,
00053,WA,Washington,32
00053,WA,Washington,26.6
00054,WV,West Virginia,40.8
00059,US,United States,83.1
00051,VA,Virginia,
00050,VT,Vermont,34.8
00053,WA,Washington,56.5
00051,VA,Virginia,
00050,VT,Vermont,
00047,TN,Tennessee,37.6
00054,WV,West Virginia,86
00054,WV,West Virginia,
00049,UT,Utah,33.4
00050,VT,Vermont,
00078,VI,Virgin Islands,
00053,WA,Washington,58
00047,TN,Tennessee,
00051,VA,Virginia,41.3
00053,WA,Washington,33.4
00048,TX,Texas,
00050,VT,Vermont,29.8
00053,WA,Washington,73.1
00047,TN,Tennessee,46.7
00050,VT,Vermont,29.6
00053,WA,Washington,25.2
00059,US,United States,33.2
00050,VT,Vermont,
00051,VA,Virginia,36.9
00049,UT,Utah,32.8
00054,WV,West Virginia,41.4
00049,UT,Utah,18.5
00049,UT,Utah,
00078,VI,Virgin Islands,77
00048,TX,Texas,33.3
00049,UT,Utah,64.8
00050,VT,Vermont,35.1
00078,VI,Virgin Islands,39.3
00078,VI,Virgin Islands,
00051,VA,Virginia,59.1
00049,UT,Utah,39.1
00047,TN,Tennessee,41.9
00047,TN,Tennessee,37.6
00048,TX,Texas,41
00053,WA,Washington,26.9
00047,TN,Tennessee,
00053,WA,Washington,28.2
00047,TN,Tennessee,
00047,TN,Tennessee,52
00053,WA,Washington,74.7
00054,WV,West Virginia,41
00053,WA,Washington,18.2
00048,TX,Texas,35.1
00049,UT,Utah,27.8
00051,VA,Virginia,38.3
00078,VI,Virgin Islands,
00054,WV,West Virginia,43.4
00051,VA,Virginia,60
00054,WV,West Virginia,42.1
00048,TX,Texas,32.2
00049,UT,Utah,51.6
00051,VA,Virginia,36.7
00051,VA,Virginia,35.3
00049,UT,Utah,32.9
00078,VI,Virgin Islands,21.3
00047,TN,Tennessee,40.2
00051,VA,Virginia,
00078,VI,Virgin Islands,35.8
00059,US,United States,37.7
00048,TX,Texas,37.2
00050,VT,Vermont,74.1
00053,WA,Washington,15.9
00047,TN,Tennessee,35.2
00048,TX,Texas,35.8
00059,US,United States,78.3
00050,VT,Vermont,
00050,VT,Vermont,
00049,UT,Utah,
00054,WV,West Virginia,46.4
00051,VA,Virginia,83.3
00050,VT,Vermont,34.2
00051,VA,Virginia,
00059,US,United States,30.8
00047,TN,Tennessee,53
00059,US,United States,30.4
00050,VT,Vermont,
00050,VT,Vermont,
00049,UT,Utah,87.7
00054,WV,West Virginia,52.2
00049,UT,Utah,34.5
00078,VI,Virgin Islands,37.6
00047,TN,Tennessee,
00047,TN,Tennessee,83
00054,WV,West Virginia,57.6
00047,TN,Tennessee,82.5
00050,VT,Vermont,46.3
00048,TX,Texas,20.8
00048,TX,Texas,
00049,UT,Utah,32.5
00054,WV,West Virginia,28.4
00050,VT,Vermont,33.3
00053,WA,Washington,39.4
00050,VT,Vermont,
00047,TN,Tennessee,31.4
00051,VA,Virginia,20.4
00059,US,United States,41.6
00048,TX,Texas,78.9
00059,US,United States,35.3
00054,WV,West Virginia,32.1
00078,VI,Virgin Islands,78.1
00059,US,United States,
00059,US,United States,36.3
00051,VA,Virginia,38.6
00053,WA,Washington,70.5
00049,UT,Utah,19.1
00047,TN,Tennessee,29.8
00054,WV,West Virginia,33.2
00050,VT,Vermont,29.8
00059,US,United States,
00054,WV,West Virginia,41.1
00050,VT,Vermont,34.5
00078,VI,Virgin Islands,71.2
00078,VI,Virgin Islands,28
00050,VT,Vermont,
00054,WV,West Virginia,40.4
00048,TX,Texas,79.8
00053,WA,Washington,58.4
00049,UT,Utah,59.1
00078,VI,Virgin Islands,32.2
00051,VA,Virginia,14.2
00049,UT,Utah,28.7
00059,US,United States,73.9
00053,WA,Washington,26.7
00051,VA,Virginia,93
00051,VA,Virginia,
00048,TX,Texas,68.1
00054,WV,West Virginia,
00049,UT,Utah,72.3
00059,US,United States,42.8
00055,WI,Wisconsin,78.7
00049,UT,Utah,17.3
00059,US,United States,32.5
00050,VT,Vermont,29
00048,TX,Texas,37.1
00078,VI,Virgin Islands,
00047,TN,Tennessee,65
00053,WA,Washington,29.6
00048,TX,Texas,35.5
00047,TN,Tennessee,38
00047,TN,Tennessee,20.7
00078,VI,Virgin Islands,47.3
00049,UT,Utah,
00050,VT,Vermont,
00059,US,United States,35
00049,UT,Utah,17
00051,VA,Virginia,27.2
00059,US,United States,31.1
00053,WA,Washington,72.2
00053,WA,Washington,31.6
00047,TN,Tennessee,40.9
00051,VA,Virginia,35.1
00048,TX,Texas,
00050,VT,Vermont,
00050,VT,Vermont,69
00047,TN,Tennessee,87.6
00048,TX,Texas,
00053,WA,Washington,26.7
00053,WA,Washington,52.8
00059,US,United States,67.1
00047,TN,Tennessee,40.5
00047,TN,Tennessee,37.7
00048,TX,Texas,
00050,VT,Vermont,
00048,TX,Texas,36.2
00047,TN,Tennessee,87.5
00078,VI,Virgin Islands,
00050,VT,Vermont,32.6
00050,VT,Vermont,74.2
00078,VI,Virgin Islands,34.5
00051,VA,Virginia,63
00050,VT,Vermont,32
00051,VA,Virginia,82.7
00049,UT,Utah,59.2
00050,VT,Vermont,21.9
00050,VT,Vermont,73.8
00078,VI,Virgin Islands,31.8
00049,UT,Utah,34.8
00049,UT,Utah,16.9
00050,VT,Vermont,12.1
00048,TX,Texas,29.2
00054,WV,West Virginia,
00051,VA,Virginia,47
00056,WY,Wyoming,32.3
00055,WI,Wisconsin,31
00055,WI,Wisconsin,18
00055,WI,Wisconsin,77.8
00056,WY,Wyoming,32.8
00055,WI,Wisconsin,29.8
00055,WI,Wisconsin,16.5
00056,WY,Wyoming,21
00055,WI,Wisconsin,
00056,WY,Wyoming,33.3
00056,WY,Wyoming,
00056,WY,Wyoming,14.3
00055,WI,Wisconsin,34
00055,WI,Wisconsin,27
00055,WI,Wisconsin,22.1
00055,WI,Wisconsin,54.2
00055,WI,Wisconsin,73
00056,WY,Wyoming,30.8
00056,WY,Wyoming,32.4
00055,WI,Wisconsin,33.9
00055,WI,Wisconsin,53.7
00055,WI,Wisconsin,
00056,WY,Wyoming,
00056,WY,Wyoming,33.5
00056,WY,Wyoming,
00055,WI,Wisconsin,41.5
00055,WI,Wisconsin,42.1
00055,WI,Wisconsin,42.4
00056,WY,Wyoming,90.7
00056,WY,Wyoming,74.6
00056,WY,Wyoming,21
00056,WY,Wyoming,
00055,WI,Wisconsin,
00056,WY,Wyoming,73.8
00055,WI,Wisconsin,73.5
00055,WI,Wisconsin,24.9
00055,WI,Wisconsin,
00055,WI,Wisconsin,34.5
00055,WI,Wisconsin,11.3
00056,WY,Wyoming,
00056,WY,Wyoming,
00055,WI,Wisconsin,16.4
00055,WI,Wisconsin,80
00056,WY,Wyoming,31.7
00055,WI,Wisconsin,21.3
00055,WI,Wisconsin,35.5
00055,WI,Wisconsin,92.4
00056,WY,Wyoming,33.2
00056,WY,Wyoming,
00056,WY,Wyoming,
00056,WY,Wyoming,37.4
00056,WY,Wyoming,36.5
00055,WI,Wisconsin,
00056,WY,Wyoming,31.1
00055,WI,Wisconsin,37.5
00056,WY,Wyoming,32
00055,WI,Wisconsin,33.5
00056,WY,Wyoming,
00056,WY,Wyoming,70.2
00055,WI,Wisconsin,
00055,WI,Wisconsin,34.2
00056,WY,Wyoming,29.7
00055,WI,Wisconsin,
00056,WY,Wyoming,
00056,WY,Wyoming,17.1
00056,WY,Wyoming,18.6
00055,WI,Wisconsin,39.2
00055,WI,Wisconsin,59.1
00055,WI,Wisconsin,42.1
00056,WY,Wyoming,26.2
00055,WI,Wisconsin,
00056,WY,Wyoming,76.1
00056,WY,Wyoming,78.5
00056,WY,Wyoming,
00055,WI,Wisconsin,37.3
00055,WI,Wisconsin,
00056,WY,Wyoming,17.2
00056,WY,Wyoming,
00056,WY,Wyoming,54.5
00056,WY,Wyoming,
00056,WY,Wyoming,
00055,WI,Wisconsin,31.6
00056,WY,Wyoming,30.6
00055,WI,Wisconsin,37.2
00055,WI,Wisconsin,37.4
00056,WY,Wyoming,60.1
00056,WY,Wyoming,
00055,WI,Wisconsin,
00055,WI,Wisconsin,
00055,WI,Wisconsin,78.5
00055,WI,Wisconsin,84.1
00055,WI,Wisconsin,35.7
00055,WI,Wisconsin,31
00055,WI,Wisconsin,24.9
00056,WY,Wyoming,
00056,WY,Wyoming,49.5
00056,WY,Wyoming,
00056,WY,Wyoming,32.8
00056,WY,Wyoming,49
00056,WY,Wyoming,32.8
00056,WY,Wyoming,32.2
00055,WI,Wisconsin,32.7
